,simulation_name,method_name,step_size,tolerance,total_iteration,simulation_time,computation_time
0,cnn_hole_fill_2,rkacem_system_method,0.1,0.5,13,30.0,2.622721910476685
1,cnn_hole_fill_2,rkacem_system_method,0.25,0.5,13,30.0,2.118518114089966
2,cnn_hole_fill_2,rkacem_system_method,0.5,0.5,14,30.0,2.6170663833618164
3,cnn_hole_fill_2,rkacem_system_method,0.75,0.5,14,30.0,2.450061559677124
4,cnn_hole_fill_2,rkacem_system_method,1.0,0.5,13,30.0,2.18202543258667
5,cnn_hole_fill_2,rkacem_system_method,1.25,0.5,13,30.0,2.386015653610229
6,cnn_hole_fill_2,rkacem_system_method,1.5,0.5,12,30.0,1.8808927536010744
7,cnn_hole_fill_2,rkacem_system_method,1.75,0.5,13,30.0,2.2712926864624023
8,cnn_hole_fill_2,rkacem_system_method,2.0,0.5,13,30.0,2.4956624507904053
9,cnn_hole_fill_2,rkacem_system_method,2.25,0.5,13,30.0,2.585263252258301
10,cnn_hole_fill_2,rkacem_system_method,0.1,0.1,14,30.0,2.2018964290618896
11,cnn_hole_fill_2,rkacem_system_method,0.25,0.1,15,30.0,2.613790512084961
12,cnn_hole_fill_2,rkacem_system_method,0.5,0.1,13,30.0,1.808933973312378
13,cnn_hole_fill_2,rkacem_system_method,0.75,0.1,14,30.0,2.3447790145874023
14,cnn_hole_fill_2,rkacem_system_method,1.0,0.1,13,30.0,2.2479825019836426
15,cnn_hole_fill_2,rkacem_system_method,1.25,0.1,13,30.0,2.264153957366944
16,cnn_hole_fill_2,rkacem_system_method,1.5,0.1,14,30.0,2.131807327270508
17,cnn_hole_fill_2,rkacem_system_method,1.75,0.1,14,30.0,2.4412662982940674
18,cnn_hole_fill_2,rkacem_system_method,2.0,0.1,14,30.0,2.484855890274048
19,cnn_hole_fill_2,rkacem_system_method,2.25,0.1,14,30.0,2.3249425888061523
20,cnn_hole_fill_2,rkacem_system_method,0.1,0.05,15,30.0,2.5699222087860107
21,cnn_hole_fill_2,rkacem_system_method,0.25,0.05,14,30.0,2.3714189529418945
22,cnn_hole_fill_2,rkacem_system_method,0.5,0.05,14,30.0,2.182608127593994
23,cnn_hole_fill_2,rkacem_system_method,0.75,0.05,14,30.0,2.5045828819274902
24,cnn_hole_fill_2,rkacem_system_method,1.0,0.05,14,30.0,2.9122376441955566
25,cnn_hole_fill_2,rkacem_system_method,1.25,0.05,14,30.0,2.304760456085205
26,cnn_hole_fill_2,rkacem_system_method,1.5,0.05,13,30.0,1.8412771224975584
27,cnn_hole_fill_2,rkacem_system_method,1.75,0.05,14,30.0,2.7235050201416016
28,cnn_hole_fill_2,rkacem_system_method,2.0,0.05,14,30.0,2.6814653873443604
29,cnn_hole_fill_2,rkacem_system_method,2.25,0.05,14,30.0,2.707144498825073
30,cnn_hole_fill_2,rkacem_system_method,0.1,0.01,8,8.126646226580213,1.0863981246948242
31,cnn_hole_fill_2,rkacem_system_method,0.25,0.01,8,9.187523848423345,0.9678897857666016
32,cnn_hole_fill_2,rkacem_system_method,0.5,0.01,16,30.0,2.596837520599365
33,cnn_hole_fill_2,rkacem_system_method,0.75,0.01,7,7.955476160463782,0.834242582321167
34,cnn_hole_fill_2,rkacem_system_method,1.0,0.01,7,8.63522351239752,0.8253757953643799
35,cnn_hole_fill_2,rkacem_system_method,1.25,0.01,7,8.629382241529619,0.8265852928161621
36,cnn_hole_fill_2,rkacem_system_method,1.5,0.01,7,8.400356673918505,0.9369406700134276
37,cnn_hole_fill_2,rkacem_system_method,1.75,0.01,15,30.0,2.864607334136963
38,cnn_hole_fill_2,rkacem_system_method,2.0,0.01,7,7.741218385472693,0.9162356853485109
39,cnn_hole_fill_2,rkacem_system_method,2.25,0.01,8,9.63344234752786,1.2000036239624023
40,cnn_hole_fill_2,rkacem_system_method,0.1,0.005,9,8.502468099079378,1.3185043334960938
41,cnn_hole_fill_2,rkacem_system_method,0.25,0.005,8,7.721735725848935,1.3444383144378662
42,cnn_hole_fill_2,rkacem_system_method,0.5,0.005,8,7.950907962023036,1.0602540969848633
43,cnn_hole_fill_2,rkacem_system_method,0.75,0.005,7,7.307790373982163,1.0016117095947266
44,cnn_hole_fill_2,rkacem_system_method,1.0,0.005,7,7.844432180596749,0.8611783981323242
45,cnn_hole_fill_2,rkacem_system_method,1.25,0.005,7,7.579292854354144,0.9778094291687012
46,cnn_hole_fill_2,rkacem_system_method,1.5,0.005,8,9.30143265624538,1.0350568294525146
47,cnn_hole_fill_2,rkacem_system_method,1.75,0.005,8,7.849709913338007,1.1630041599273682
48,cnn_hole_fill_2,rkacem_system_method,2.0,0.005,8,8.99444282768918,1.0296695232391355
49,cnn_hole_fill_2,rkacem_system_method,2.25,0.005,8,7.547652497764655,1.236821174621582
50,cnn_hole_fill_2,rkacem_system_method,0.1,0.001,10,8.232391424099502,1.4091594219207764
51,cnn_hole_fill_2,rkacem_system_method,0.25,0.001,9,7.120860069196677,1.062060832977295
52,cnn_hole_fill_2,rkacem_system_method,0.5,0.001,9,7.948851089754075,1.1745502948760986
53,cnn_hole_fill_2,rkacem_system_method,0.75,0.001,9,7.99592635635608,1.2262389659881592
54,cnn_hole_fill_2,rkacem_system_method,1.0,0.001,9,8.246566733545382,1.1618525981903076
55,cnn_hole_fill_2,rkacem_system_method,1.25,0.001,9,7.984979317850525,1.2509899139404297
56,cnn_hole_fill_2,rkacem_system_method,1.5,0.001,9,7.720574193576904,1.2110400199890137
57,cnn_hole_fill_2,rkacem_system_method,1.75,0.001,9,7.427589592962062,1.252260446548462
58,cnn_hole_fill_2,rkacem_system_method,2.0,0.001,9,7.481893691237374,1.2064175605773926
59,cnn_hole_fill_2,rkacem_system_method,2.25,0.001,9,7.098308443557364,1.4551093578338623
60,cnn_hole_fill_2,rkacem_system_method,0.1,0.0005,10,6.872327013165416,1.4070346355438232
61,cnn_hole_fill_2,rkacem_system_method,0.25,0.0005,10,7.064196561677681,1.1906440258026123
62,cnn_hole_fill_2,rkacem_system_method,0.5,0.0005,10,7.666935768007593,1.339524269104004
63,cnn_hole_fill_2,rkacem_system_method,0.75,0.0005,10,7.667026552726724,1.636061668395996
64,cnn_hole_fill_2,rkacem_system_method,1.0,0.0005,10,7.722909430805433,1.519782304763794
65,cnn_hole_fill_2,rkacem_system_method,1.25,0.0005,10,7.742924510217839,1.535006046295166
66,cnn_hole_fill_2,rkacem_system_method,1.5,0.0005,10,7.634630198821022,1.3459548950195312
67,cnn_hole_fill_2,rkacem_system_method,1.75,0.0005,10,7.676095542141017,1.327317237854004
68,cnn_hole_fill_2,rkacem_system_method,2.0,0.0005,10,7.8570100184939635,1.3760981559753418
69,cnn_hole_fill_2,rkacem_system_method,2.25,0.0005,10,7.073524180105511,1.4599940776824951
70,cnn_hole_fill_2,rkacem_system_method,0.1,0.0001,13,6.998310536691757,1.870532989501953
71,cnn_hole_fill_2,rkacem_system_method,0.25,0.0001,12,6.82766026968247,1.6164133548736572
72,cnn_hole_fill_2,rkacem_system_method,0.5,0.0001,12,7.0985600014911565,1.618001937866211
73,cnn_hole_fill_2,rkacem_system_method,0.75,0.0001,12,7.087192036731501,1.5940353870391846
74,cnn_hole_fill_2,rkacem_system_method,1.0,0.0001,12,7.113661889820978,1.5168302059173584
75,cnn_hole_fill_2,rkacem_system_method,1.25,0.0001,12,7.052283475099332,1.6510586738586426
76,cnn_hole_fill_2,rkacem_system_method,1.5,0.0001,12,7.001064409425759,1.6008496284484863
77,cnn_hole_fill_2,rkacem_system_method,1.75,0.0001,12,6.746341078719655,1.7512271404266355
78,cnn_hole_fill_2,rkacem_system_method,2.0,0.0001,13,7.316361628233127,1.7899422645568848
79,cnn_hole_fill_2,rkacem_system_method,2.25,0.0001,13,6.941836662271773,1.935375452041626
80,cnn_hole_fill_2,rkacem_system_method,0.1,5e-05,15,7.223386577720358,2.258020162582397
81,cnn_hole_fill_2,rkacem_system_method,0.25,5e-05,14,7.035983117574,1.5748283863067627
82,cnn_hole_fill_2,rkacem_system_method,0.5,5e-05,14,7.040028816729642,1.8919885158538816
83,cnn_hole_fill_2,rkacem_system_method,0.75,5e-05,13,7.047084489171066,1.7042524814605713
84,cnn_hole_fill_2,rkacem_system_method,1.0,5e-05,13,7.184047209162155,1.6874043941497805
85,cnn_hole_fill_2,rkacem_system_method,1.25,5e-05,14,7.479823516674773,1.823145866394043
86,cnn_hole_fill_2,rkacem_system_method,1.5,5e-05,14,7.126459022550749,1.8377671241760247
87,cnn_hole_fill_2,rkacem_system_method,1.75,5e-05,14,7.164716989390205,1.926591396331787
88,cnn_hole_fill_2,rkacem_system_method,2.0,5e-05,14,7.071144756639785,2.031738042831421
89,cnn_hole_fill_2,rkacem_system_method,2.25,5e-05,15,6.929782119290977,2.276287317276001
90,cnn_hole_fill_2,rkcom_system_method,0.1,0.5,14,30.0,2.689739227294922
91,cnn_hole_fill_2,rkcom_system_method,0.25,0.5,15,27.736295736564184,2.37793493270874
92,cnn_hole_fill_2,rkcom_system_method,0.5,0.5,14,30.0,2.24449110031128
93,cnn_hole_fill_2,rkcom_system_method,0.75,0.5,14,30.0,2.2893166542053223
94,cnn_hole_fill_2,rkcom_system_method,1.0,0.5,14,30.0,2.244891166687012
95,cnn_hole_fill_2,rkcom_system_method,1.25,0.5,14,30.0,2.641554594039917
96,cnn_hole_fill_2,rkcom_system_method,1.5,0.5,14,30.0,2.409297227859497
97,cnn_hole_fill_2,rkcom_system_method,1.75,0.5,13,30.0,2.270639181137085
98,cnn_hole_fill_2,rkcom_system_method,2.0,0.5,14,30.0,2.7560744285583496
99,cnn_hole_fill_2,rkcom_system_method,2.25,0.5,15,30.0,2.90731167793274
100,cnn_hole_fill_2,rkcom_system_method,0.1,0.1,8,7.595058462990261,1.0300681591033936
101,cnn_hole_fill_2,rkcom_system_method,0.25,0.1,8,8.569386070534359,0.9610910415649414
102,cnn_hole_fill_2,rkcom_system_method,0.5,0.1,16,31.69299874825668,2.3612217903137207
103,cnn_hole_fill_2,rkcom_system_method,0.75,0.1,15,30.0,2.447873592376709
104,cnn_hole_fill_2,rkcom_system_method,1.0,0.1,16,30.0,2.97916579246521
105,cnn_hole_fill_2,rkcom_system_method,1.25,0.1,15,30.0,2.4784157276153564
106,cnn_hole_fill_2,rkcom_system_method,1.5,0.1,15,26.864521000323585,2.317286729812622
107,cnn_hole_fill_2,rkcom_system_method,1.75,0.1,15,30.0,2.4055397510528564
108,cnn_hole_fill_2,rkcom_system_method,2.0,0.1,8,8.506710542026163,0.991241216659546
109,cnn_hole_fill_2,rkcom_system_method,2.25,0.1,13,21.5274976143009,2.056495428085327
110,cnn_hole_fill_2,rkcom_system_method,0.1,0.05,9,7.380847840681032,1.2947096824645996
111,cnn_hole_fill_2,rkcom_system_method,0.25,0.05,8,7.6453561067239315,0.920811414718628
112,cnn_hole_fill_2,rkcom_system_method,0.5,0.05,8,8.12056503983141,0.9980359077453612
113,cnn_hole_fill_2,rkcom_system_method,0.75,0.05,8,8.62026994567143,1.0208947658538818
114,cnn_hole_fill_2,rkcom_system_method,1.0,0.05,13,21.34631372108845,1.8440403938293457
115,cnn_hole_fill_2,rkcom_system_method,1.25,0.05,8,8.760060936109815,0.9859011173248292
116,cnn_hole_fill_2,rkcom_system_method,1.5,0.05,8,8.012897148476092,1.0919358730316162
117,cnn_hole_fill_2,rkcom_system_method,1.75,0.05,8,8.634156355837098,1.1019320487976074
118,cnn_hole_fill_2,rkcom_system_method,2.0,0.05,8,8.173165010726732,1.1725895404815674
119,cnn_hole_fill_2,rkcom_system_method,2.25,0.05,8,8.134942468669381,1.1640934944152832
120,cnn_hole_fill_2,rkcom_system_method,0.1,0.01,10,7.567460256673896,1.336413860321045
121,cnn_hole_fill_2,rkcom_system_method,0.25,0.01,9,6.831834217987306,1.1025750637054443
122,cnn_hole_fill_2,rkcom_system_method,0.5,0.01,9,7.470019892285251,1.0225002765655518
123,cnn_hole_fill_2,rkcom_system_method,0.75,0.01,9,6.926890675816344,1.3585991859436035
124,cnn_hole_fill_2,rkcom_system_method,1.0,0.01,9,6.985494213698012,1.214989423751831
125,cnn_hole_fill_2,rkcom_system_method,1.25,0.01,9,7.414094412160431,1.1587674617767334
126,cnn_hole_fill_2,rkcom_system_method,1.5,0.01,9,7.1054474491350135,1.0801866054534912
127,cnn_hole_fill_2,rkcom_system_method,1.75,0.01,9,7.117392325082805,1.1726188659667969
128,cnn_hole_fill_2,rkcom_system_method,2.0,0.01,9,7.150628307230897,1.1854803562164309
129,cnn_hole_fill_2,rkcom_system_method,2.25,0.01,9,7.170876180020818,1.247889518737793
130,cnn_hole_fill_2,rkcom_system_method,0.1,0.005,10,6.673037005811661,1.2105257511138916
131,cnn_hole_fill_2,rkcom_system_method,0.25,0.005,10,6.878469783683363,1.1750032901763916
132,cnn_hole_fill_2,rkcom_system_method,0.5,0.005,10,7.910849692492391,1.26874041557312
133,cnn_hole_fill_2,rkcom_system_method,0.75,0.005,10,7.417298102613289,1.3910436630249023
134,cnn_hole_fill_2,rkcom_system_method,1.0,0.005,10,7.934962727901931,1.376443862915039
135,cnn_hole_fill_2,rkcom_system_method,1.25,0.005,10,7.328833546377777,1.2753362655639648
136,cnn_hole_fill_2,rkcom_system_method,1.5,0.005,10,6.891433712324888,1.3046979904174805
137,cnn_hole_fill_2,rkcom_system_method,1.75,0.005,10,7.449769213923748,1.2165775299072266
138,cnn_hole_fill_2,rkcom_system_method,2.0,0.005,10,6.976994744374785,1.329820156097412
139,cnn_hole_fill_2,rkcom_system_method,2.25,0.005,10,7.427316526552263,1.242053747177124
140,cnn_hole_fill_2,rkcom_system_method,0.1,0.001,13,6.687916945018788,2.201117992401123
141,cnn_hole_fill_2,rkcom_system_method,0.25,0.001,12,6.729115375101479,1.4468960762023926
142,cnn_hole_fill_2,rkcom_system_method,0.5,0.001,12,6.8448801868206,1.511174201965332
143,cnn_hole_fill_2,rkcom_system_method,0.75,0.001,12,6.885223313270114,1.5920579433441162
144,cnn_hole_fill_2,rkcom_system_method,1.0,0.001,12,6.904895168748514,1.7742724418640137
145,cnn_hole_fill_2,rkcom_system_method,1.25,0.001,12,6.923413055690595,1.476144313812256
146,cnn_hole_fill_2,rkcom_system_method,1.5,0.001,13,6.982843014247182,1.9001562595367432
147,cnn_hole_fill_2,rkcom_system_method,1.75,0.001,12,6.634698287091716,1.6455867290496826
148,cnn_hole_fill_2,rkcom_system_method,2.0,0.001,13,6.653444219731995,2.043867588043213
149,cnn_hole_fill_2,rkcom_system_method,2.25,0.001,13,6.94214407300159,1.9069173336029053
150,cnn_hole_fill_2,rkcom_system_method,0.1,0.0005,15,7.424281515691384,2.0747406482696533
151,cnn_hole_fill_2,rkcom_system_method,0.25,0.0005,14,6.877243737265244,1.598419427871704
152,cnn_hole_fill_2,rkcom_system_method,0.5,0.0005,14,6.866656118180665,1.783674716949463
153,cnn_hole_fill_2,rkcom_system_method,0.75,0.0005,13,6.738819442551644,1.827474355697632
154,cnn_hole_fill_2,rkcom_system_method,1.0,0.0005,13,6.648409201588928,1.637217998504639
155,cnn_hole_fill_2,rkcom_system_method,1.25,0.0005,14,6.871542860222259,1.8114352226257324
156,cnn_hole_fill_2,rkcom_system_method,1.5,0.0005,15,7.4502935931691106,2.12869930267334
157,cnn_hole_fill_2,rkcom_system_method,1.75,0.0005,14,6.990461540983728,1.8257606029510496
158,cnn_hole_fill_2,rkcom_system_method,2.0,0.0005,14,6.817545588125567,1.933442115783692
159,cnn_hole_fill_2,rkcom_system_method,2.25,0.0005,14,6.760580992053214,2.0213096141815186
160,cnn_hole_fill_2,rkcom_system_method,0.1,0.0001,18,6.739999136657327,2.3116421699523926
161,cnn_hole_fill_2,rkcom_system_method,0.25,0.0001,19,6.871452292942684,2.837218761444092
162,cnn_hole_fill_2,rkcom_system_method,0.5,0.0001,19,6.905946788848659,2.735996723175049
163,cnn_hole_fill_2,rkcom_system_method,0.75,0.0001,18,7.020464151204491,2.532844066619873
164,cnn_hole_fill_2,rkcom_system_method,1.0,0.0001,18,7.158133211504028,2.494163990020752
165,cnn_hole_fill_2,rkcom_system_method,1.25,0.0001,19,6.90190178193393,2.6709134578704834
166,cnn_hole_fill_2,rkcom_system_method,1.5,0.0001,19,7.073223736949725,2.538828134536743
167,cnn_hole_fill_2,rkcom_system_method,1.75,0.0001,19,7.038885882429476,2.9057066440582275
168,cnn_hole_fill_2,rkcom_system_method,2.0,0.0001,19,6.875538114569732,2.9736762046813965
169,cnn_hole_fill_2,rkcom_system_method,2.25,0.0001,18,7.045894884249703,2.528709888458252
170,cnn_hole_fill_2,rkcom_system_method,0.1,5e-05,21,7.194296269823166,2.788917303085327
171,cnn_hole_fill_2,rkcom_system_method,0.25,5e-05,21,7.173012053610758,3.065924406051636
172,cnn_hole_fill_2,rkcom_system_method,0.5,5e-05,21,6.935177177440489,3.3490302562713623
173,cnn_hole_fill_2,rkcom_system_method,0.75,5e-05,20,6.658954995484587,2.893289804458618
174,cnn_hole_fill_2,rkcom_system_method,1.0,5e-05,21,6.493349859044393,3.5098588466644287
175,cnn_hole_fill_2,rkcom_system_method,1.25,5e-05,21,6.552911987783057,3.137627601623535
176,cnn_hole_fill_2,rkcom_system_method,1.5,5e-05,21,6.680348459330972,3.22094464302063
177,cnn_hole_fill_2,rkcom_system_method,1.75,5e-05,21,6.957941137295157,3.136518239974976
178,cnn_hole_fill_2,rkcom_system_method,2.0,5e-05,21,6.76904461720803,3.388456106185913
179,cnn_hole_fill_2,rkcom_system_method,2.25,5e-05,21,6.688289931140833,3.128885507583618
180,cnn_hole_fill_2,rk55_system_method,0.1,0.5,7,6.203453771753239,2.0039258003234863
181,cnn_hole_fill_2,rk55_system_method,0.25,0.5,6,6.586242726192017,1.1083652973175049
182,cnn_hole_fill_2,rk55_system_method,0.5,0.5,13,30.0,2.983945608139038
183,cnn_hole_fill_2,rk55_system_method,0.75,0.5,13,30.0,2.8723578453063965
184,cnn_hole_fill_2,rk55_system_method,1.0,0.5,5,7.139229766028457,0.7092335224151611
185,cnn_hole_fill_2,rk55_system_method,1.25,0.5,5,6.795010907697584,0.7620327472686768
186,cnn_hole_fill_2,rk55_system_method,1.5,0.5,5,6.081149891791904,0.9861655235290528
187,cnn_hole_fill_2,rk55_system_method,1.75,0.5,12,30.0,2.7437355518341064
188,cnn_hole_fill_2,rk55_system_method,2.0,0.5,5,5.953081306729226,1.275881052017212
189,cnn_hole_fill_2,rk55_system_method,2.25,0.5,5,7.145933639622747,1.188317060470581
190,cnn_hole_fill_2,rk55_system_method,0.1,0.1,7,6.749405433188153,1.2892374992370603
191,cnn_hole_fill_2,rk55_system_method,0.25,0.1,7,7.041175902836492,1.4560117721557615
192,cnn_hole_fill_2,rk55_system_method,0.5,0.1,7,8.174864740036577,1.3030674457550049
193,cnn_hole_fill_2,rk55_system_method,0.75,0.1,6,6.506949499959129,1.1649441719055176
194,cnn_hole_fill_2,rk55_system_method,1.0,0.1,6,6.704043004121392,1.5107903480529783
195,cnn_hole_fill_2,rk55_system_method,1.25,0.1,5,5.593169089556464,0.9656786918640136
196,cnn_hole_fill_2,rk55_system_method,1.5,0.1,7,7.632537899803225,1.8885612487792969
197,cnn_hole_fill_2,rk55_system_method,1.75,0.1,6,6.778122022454626,1.3002500534057615
198,cnn_hole_fill_2,rk55_system_method,2.0,0.1,6,6.545587472154159,1.4897346496582031
199,cnn_hole_fill_2,rk55_system_method,2.25,0.1,6,7.856429593017806,1.1195173263549805
200,cnn_hole_fill_2,rk55_system_method,0.1,0.05,9,7.502197631758529,2.216795921325684
201,cnn_hole_fill_2,rk55_system_method,0.25,0.05,7,6.233989583577902,1.6058807373046875
202,cnn_hole_fill_2,rk55_system_method,0.5,0.05,7,6.678892298032469,1.0920085906982422
203,cnn_hole_fill_2,rk55_system_method,0.75,0.05,7,7.694483345895743,1.2421469688415527
204,cnn_hole_fill_2,rk55_system_method,1.0,0.05,6,5.903421085936005,1.287562370300293
205,cnn_hole_fill_2,rk55_system_method,1.25,0.05,6,6.376467332189771,1.252920150756836
206,cnn_hole_fill_2,rk55_system_method,1.5,0.05,7,6.813319341866016,1.4757044315338137
207,cnn_hole_fill_2,rk55_system_method,1.75,0.05,8,8.24842001992906,2.60787320137024
208,cnn_hole_fill_2,rk55_system_method,2.0,0.05,7,7.037498930576261,2.001670360565185
209,cnn_hole_fill_2,rk55_system_method,2.25,0.05,7,7.251381024794301,1.6851232051849363
210,cnn_hole_fill_2,rk55_system_method,0.1,0.01,10,6.913121791186679,2.061368465423584
211,cnn_hole_fill_2,rk55_system_method,0.25,0.01,10,7.3820854101090205,2.4925687313079834
212,cnn_hole_fill_2,rk55_system_method,0.5,0.01,9,7.229436277367511,2.0262837409973145
213,cnn_hole_fill_2,rk55_system_method,0.75,0.01,10,8.571274563113034,2.647932767868042
214,cnn_hole_fill_2,rk55_system_method,1.0,0.01,8,6.68292393091568,1.7634150981903076
215,cnn_hole_fill_2,rk55_system_method,1.25,0.01,9,7.154714386391641,2.5731894969940186
216,cnn_hole_fill_2,rk55_system_method,1.5,0.01,9,6.881205772728311,1.955730676651001
217,cnn_hole_fill_2,rk55_system_method,1.75,0.01,9,7.194897191498907,1.9988884925842283
218,cnn_hole_fill_2,rk55_system_method,2.0,0.01,8,6.548427731065195,1.6866166591644287
219,cnn_hole_fill_2,rk55_system_method,2.25,0.01,9,7.509762476969235,2.2008056640625
220,cnn_hole_fill_2,rk55_system_method,0.1,0.005,11,8.297794748801257,2.7664148807525635
221,cnn_hole_fill_2,rk55_system_method,0.25,0.005,10,6.487562491360967,2.5237886905670166
222,cnn_hole_fill_2,rk55_system_method,0.5,0.005,10,7.598238476249354,2.3345518112182617
223,cnn_hole_fill_2,rk55_system_method,0.75,0.005,12,7.687538337649792,3.718487024307251
224,cnn_hole_fill_2,rk55_system_method,1.0,0.005,10,7.689101932383716,2.5797102451324463
225,cnn_hole_fill_2,rk55_system_method,1.25,0.005,9,6.463728735775688,2.020092725753784
226,cnn_hole_fill_2,rk55_system_method,1.5,0.005,12,7.82514049791653,3.5168471336364746
227,cnn_hole_fill_2,rk55_system_method,1.75,0.005,10,7.496743079854581,2.2581255435943604
228,cnn_hole_fill_2,rk55_system_method,2.0,0.005,10,7.1123340052093935,2.3896143436431885
229,cnn_hole_fill_2,rk55_system_method,2.25,0.005,10,7.753570682702158,2.6825530529022217
230,cnn_hole_fill_2,rk55_system_method,0.1,0.001,14,6.496545286655596,3.386069774627685
231,cnn_hole_fill_2,rk55_system_method,0.25,0.001,13,6.565754351729105,2.98708438873291
232,cnn_hole_fill_2,rk55_system_method,0.5,0.001,12,6.807642323805009,2.95935606956482
233,cnn_hole_fill_2,rk55_system_method,0.75,0.001,13,6.768220239070968,3.335149049758911
234,cnn_hole_fill_2,rk55_system_method,1.0,0.001,13,6.746770253403257,3.171557903289795
235,cnn_hole_fill_2,rk55_system_method,1.25,0.001,13,6.695542443735147,3.434640645980835
236,cnn_hole_fill_2,rk55_system_method,1.5,0.001,14,7.2983457524711906,3.793020248413086
237,cnn_hole_fill_2,rk55_system_method,1.75,0.001,12,7.433638905843146,2.2760262489318848
238,cnn_hole_fill_2,rk55_system_method,2.0,0.001,13,6.822153014261374,3.2169909477233887
239,cnn_hole_fill_2,rk55_system_method,2.25,0.001,14,7.383761407272926,3.5968472957611084
240,cnn_hole_fill_2,rk55_system_method,0.1,0.0005,16,6.859547637122523,3.766811609268189
241,cnn_hole_fill_2,rk55_system_method,0.25,0.0005,14,7.5295002525345405,2.9028220176696777
242,cnn_hole_fill_2,rk55_system_method,0.5,0.0005,14,6.549813492064139,3.3832952976226807
243,cnn_hole_fill_2,rk55_system_method,0.75,0.0005,14,7.209122738854553,3.422236680984497
244,cnn_hole_fill_2,rk55_system_method,1.0,0.0005,14,6.625162579995317,3.30531907081604
245,cnn_hole_fill_2,rk55_system_method,1.25,0.0005,15,7.446616592338976,3.644342422485352
246,cnn_hole_fill_2,rk55_system_method,1.5,0.0005,16,7.459211844000064,3.924669027328491
247,cnn_hole_fill_2,rk55_system_method,1.75,0.0005,15,7.380108206317256,3.3628501892089844
248,cnn_hole_fill_2,rk55_system_method,2.0,0.0005,14,7.378741368214912,3.2115068435668945
249,cnn_hole_fill_2,rk55_system_method,2.25,0.0005,14,6.835323546817352,3.1623713970184326
250,cnn_hole_fill_2,rk55_system_method,0.1,0.0001,20,6.594975990115176,5.455895900726318
251,cnn_hole_fill_2,rk55_system_method,0.25,0.0001,19,6.601209906466931,4.532646179199219
252,cnn_hole_fill_2,rk55_system_method,0.5,0.0001,19,7.137810362485155,5.065837860107422
253,cnn_hole_fill_2,rk55_system_method,0.75,0.0001,19,6.571174622198282,4.4718170166015625
254,cnn_hole_fill_2,rk55_system_method,1.0,0.0001,19,6.651653303903673,5.447958946228027
255,cnn_hole_fill_2,rk55_system_method,1.25,0.0001,19,6.607728470878721,4.697049140930176
256,cnn_hole_fill_2,rk55_system_method,1.5,0.0001,21,7.345292373351292,5.407448530197144
257,cnn_hole_fill_2,rk55_system_method,1.75,0.0001,20,6.565318978273656,5.933488130569458
258,cnn_hole_fill_2,rk55_system_method,2.0,0.0001,19,7.123626050785468,4.773786783218384
259,cnn_hole_fill_2,rk55_system_method,2.25,0.0001,21,7.178990773047104,5.64371657371521
260,cnn_hole_fill_2,rk55_system_method,0.1,5e-05,24,7.321742090332895,6.439250946044922
261,cnn_hole_fill_2,rk55_system_method,0.25,5e-05,22,6.761487664545189,5.363499879837036
262,cnn_hole_fill_2,rk55_system_method,0.5,5e-05,24,6.524270584692807,7.621490240097046
263,cnn_hole_fill_2,rk55_system_method,0.75,5e-05,23,6.558618907752559,6.357035636901856
264,cnn_hole_fill_2,rk55_system_method,1.0,5e-05,23,6.991260539584719,7.055982351303101
265,cnn_hole_fill_2,rk55_system_method,1.25,5e-05,22,6.783763087473969,5.593828678131104
266,cnn_hole_fill_2,rk55_system_method,1.5,5e-05,25,7.091909132479248,8.157179355621338
267,cnn_hole_fill_2,rk55_system_method,1.75,5e-05,24,6.606755583582852,7.4475133419036865
268,cnn_hole_fill_2,rk55_system_method,2.0,5e-05,21,6.67379473084119,5.600194931030273
269,cnn_hole_fill_2,rk55_system_method,2.25,5e-05,22,6.657381489616367,6.113014936447144
270,cnn_hole_fill_2,rkhm_system_method,0.1,1.25,16,19.323507878117585,2.261972427368164
271,cnn_hole_fill_2,rkhm_system_method,0.25,1.25,11,8.155965274312342,1.470494031906128
272,cnn_hole_fill_2,rkhm_system_method,0.5,1.25,10,8.068549542901046,1.354254961013794
273,cnn_hole_fill_2,rkhm_system_method,0.75,1.25,12,14.309278056858574,1.5450220108032229
274,cnn_hole_fill_2,rkhm_system_method,1.0,1.25,18,30.0,3.1987862586975098
275,cnn_hole_fill_2,rkhm_system_method,1.25,1.25,18,30.0,3.1178386211395264
276,cnn_hole_fill_2,rkhm_system_method,1.5,1.25,13,17.609861002197434,1.9565985202789309
277,cnn_hole_fill_2,rkhm_system_method,1.75,1.25,10,8.534206211764927,1.5593485832214355
278,cnn_hole_fill_2,rkhm_system_method,2.0,1.25,14,17.880160935504858,2.569275379180908
279,cnn_hole_fill_2,rkhm_system_method,2.25,1.25,12,12.778422443915098,1.939735412597656
280,cnn_hole_fill_2,rkhm_system_method,0.1,1.0,13,9.941393591755276,1.5966401100158691
281,cnn_hole_fill_2,rkhm_system_method,0.25,1.0,12,9.625104640248791,1.4018175601959229
282,cnn_hole_fill_2,rkhm_system_method,0.5,1.0,11,8.875712172555035,1.4138832092285156
283,cnn_hole_fill_2,rkhm_system_method,0.75,1.0,10,7.452483562822522,1.4986822605133057
284,cnn_hole_fill_2,rkhm_system_method,1.0,1.0,11,9.950077779609463,1.51609206199646
285,cnn_hole_fill_2,rkhm_system_method,1.25,1.0,11,8.936695565156603,1.575319766998291
286,cnn_hole_fill_2,rkhm_system_method,1.5,1.0,10,7.417078062597807,1.6008436679840088
287,cnn_hole_fill_2,rkhm_system_method,1.75,1.0,16,21.91457685573934,2.5059151649475098
288,cnn_hole_fill_2,rkhm_system_method,2.0,1.0,11,9.96633271538436,1.6183230876922607
289,cnn_hole_fill_2,rkhm_system_method,2.25,1.0,11,9.3581307279698,1.6689016819000244
290,cnn_hole_fill_2,rkhm_system_method,0.1,0.75,19,25.672311189967125,2.376741409301758
291,cnn_hole_fill_2,rkhm_system_method,0.25,0.75,12,8.007802720449194,1.5432085990905762
292,cnn_hole_fill_2,rkhm_system_method,0.5,0.75,11,7.449390174485303,1.42173433303833
293,cnn_hole_fill_2,rkhm_system_method,0.75,0.75,11,7.4080083893058735,1.4858531951904297
294,cnn_hole_fill_2,rkhm_system_method,1.0,0.75,11,7.644621737955408,1.4512085914611816
295,cnn_hole_fill_2,rkhm_system_method,1.25,0.75,11,7.882019893631705,1.4147179126739502
296,cnn_hole_fill_2,rkhm_system_method,1.5,0.75,11,7.629473480763455,1.8224749565124512
297,cnn_hole_fill_2,rkhm_system_method,1.75,0.75,11,7.439729406148988,1.6792831420898438
298,cnn_hole_fill_2,rkhm_system_method,2.0,0.75,11,7.54950482882783,1.8326067924499512
299,cnn_hole_fill_2,rkhm_system_method,2.25,0.75,11,7.90882496844614,1.605024814605713
300,cnn_hole_fill_2,rkhm_system_method,0.1,0.5,14,7.994977261704781,1.834522008895874
301,cnn_hole_fill_2,rkhm_system_method,0.25,0.5,13,7.809840291227808,1.588666915893555
302,cnn_hole_fill_2,rkhm_system_method,0.5,0.5,12,6.817093091273375,1.7916157245635986
303,cnn_hole_fill_2,rkhm_system_method,0.75,0.5,13,9.13565208062776,1.6912500858306885
304,cnn_hole_fill_2,rkhm_system_method,1.0,0.5,12,6.834042964514449,1.8887975215911863
305,cnn_hole_fill_2,rkhm_system_method,1.25,0.5,12,6.995415908341318,1.996196985244751
306,cnn_hole_fill_2,rkhm_system_method,1.5,0.5,13,8.976678282663029,1.878682374954224
307,cnn_hole_fill_2,rkhm_system_method,1.75,0.5,13,9.076704294598892,1.9661438465118408
308,cnn_hole_fill_2,rkhm_system_method,2.0,0.5,12,6.709042076733248,1.6275501251220703
309,cnn_hole_fill_2,rkhm_system_method,2.25,0.5,12,7.013967316220819,1.6874597072601318
310,cnn_hole_fill_2,rkhm_system_method,0.1,0.25,16,7.128247785030181,1.944231986999512
311,cnn_hole_fill_2,rkhm_system_method,0.25,0.25,15,7.035658043281045,1.813069105148316
312,cnn_hole_fill_2,rkhm_system_method,0.5,0.25,15,7.552615075147193,1.948267936706543
313,cnn_hole_fill_2,rkhm_system_method,0.75,0.25,15,7.267024540219553,2.066145896911621
314,cnn_hole_fill_2,rkhm_system_method,1.0,0.25,15,7.383815508602664,2.2231645584106445
315,cnn_hole_fill_2,rkhm_system_method,1.25,0.25,15,7.50581359604287,2.0551130771636963
316,cnn_hole_fill_2,rkhm_system_method,1.5,0.25,15,7.159855874395373,2.142209053039551
317,cnn_hole_fill_2,rkhm_system_method,1.75,0.25,15,7.189598169001672,2.29840350151062
318,cnn_hole_fill_2,rkhm_system_method,2.0,0.25,15,7.233599529694114,2.2808427810668945
319,cnn_hole_fill_2,rkhm_system_method,2.25,0.25,15,7.519555776136689,2.231593132019043
320,cnn_hole_fill_2,rkhm_system_method,0.1,0.1,20,6.738345875868714,2.400115728378296
321,cnn_hole_fill_2,rkhm_system_method,0.25,0.1,19,7.085923154051514,2.583403825759888
322,cnn_hole_fill_2,rkhm_system_method,0.5,0.1,19,7.08457646813484,2.628626108169556
323,cnn_hole_fill_2,rkhm_system_method,0.75,0.1,19,7.119505539199349,2.4745116233825684
324,cnn_hole_fill_2,rkhm_system_method,1.0,0.1,19,7.168701205043359,2.7612693309783936
325,cnn_hole_fill_2,rkhm_system_method,1.25,0.1,19,7.218496747494133,2.80762243270874
326,cnn_hole_fill_2,rkhm_system_method,1.5,0.1,19,7.271891169039956,2.552674531936645
327,cnn_hole_fill_2,rkhm_system_method,1.75,0.1,19,7.0826095201587895,2.757081985473633
328,cnn_hole_fill_2,rkhm_system_method,2.0,0.1,19,7.088760680321654,2.545307874679565
329,cnn_hole_fill_2,rkhm_system_method,2.25,0.1,19,7.2243588663537075,2.694633722305298
330,cnn_hole_fill_2,rkhm_system_method,0.1,0.075,22,6.956982508850555,2.89836049079895
331,cnn_hole_fill_2,rkhm_system_method,0.25,0.075,20,6.688491686116621,2.6294994354248047
332,cnn_hole_fill_2,rkhm_system_method,0.5,0.075,20,6.685695206346126,2.752461194992065
333,cnn_hole_fill_2,rkhm_system_method,0.75,0.075,20,6.696814383099082,2.830251932144165
334,cnn_hole_fill_2,rkhm_system_method,1.0,0.075,20,6.722898560810102,2.5806233882904053
335,cnn_hole_fill_2,rkhm_system_method,1.25,0.075,20,6.757707403136094,2.7205793857574463
336,cnn_hole_fill_2,rkhm_system_method,1.5,0.075,20,6.794682451736748,2.763396739959717
337,cnn_hole_fill_2,rkhm_system_method,1.75,0.075,20,6.837113275795168,2.7673468589782715
338,cnn_hole_fill_2,rkhm_system_method,2.0,0.075,20,6.68572700172496,2.8556065559387207
339,cnn_hole_fill_2,rkhm_system_method,2.25,0.075,20,6.761959742166577,2.730809450149536
340,cnn_hole_fill_2,rkhm_system_method,0.1,0.05,28,7.110667853222814,3.478038787841797
341,cnn_hole_fill_2,rkhm_system_method,0.25,0.05,22,6.83109698183663,2.843578338623047
342,cnn_hole_fill_2,rkhm_system_method,0.5,0.05,22,6.826611003469038,2.9929728507995605
343,cnn_hole_fill_2,rkhm_system_method,0.75,0.05,22,6.833400909165234,2.927011489868164
344,cnn_hole_fill_2,rkhm_system_method,1.0,0.05,22,6.801088685544236,3.0634925365448
345,cnn_hole_fill_2,rkhm_system_method,1.25,0.05,22,6.792242944397793,2.929110527038574
346,cnn_hole_fill_2,rkhm_system_method,1.5,0.05,22,6.809064574657638,3.0555901527404785
347,cnn_hole_fill_2,rkhm_system_method,1.75,0.05,22,6.843378743458237,2.9756760597229004
348,cnn_hole_fill_2,rkhm_system_method,2.0,0.05,22,6.9050498889789145,2.9801337718963623
349,cnn_hole_fill_2,rkhm_system_method,2.25,0.05,22,6.7929637549511765,3.1934289932250977
350,cnn_hole_fill_2,rkhm_system_method,0.1,0.025,72,6.960621121899343,9.379083395004272
351,cnn_hole_fill_2,rkhm_system_method,0.25,0.025,26,7.030023235538059,3.628150463104248
352,cnn_hole_fill_2,rkhm_system_method,0.5,0.025,25,6.4998495543686765,3.2350549697875977
353,cnn_hole_fill_2,rkhm_system_method,0.75,0.025,26,6.9347320367187,3.4243321418762207
354,cnn_hole_fill_2,rkhm_system_method,1.0,0.025,26,6.736146209723521,3.8125386238098153
355,cnn_hole_fill_2,rkhm_system_method,1.25,0.025,26,7.031879556213829,3.564622402191162
356,cnn_hole_fill_2,rkhm_system_method,1.5,0.025,26,7.07118145008449,3.647691249847412
357,cnn_hole_fill_2,rkhm_system_method,1.75,0.025,26,7.12452866274916,3.930246591567993
358,cnn_hole_fill_2,rkhm_system_method,2.0,0.025,26,6.9889571740362095,3.680593013763428
359,cnn_hole_fill_2,rkhm_system_method,2.25,0.025,26,7.143979634771043,3.6714870929718018
360,cnn_hole_fill_2,rkhm_system_method,0.1,0.01,190,7.03981749742381,25.454412937164307
361,cnn_hole_fill_2,rkhm_system_method,0.25,0.01,190,6.681608244946061,26.83024263381958
362,cnn_hole_fill_2,rkhm_system_method,0.5,0.01,189,6.593742376752402,26.066362380981445
363,cnn_hole_fill_2,rkhm_system_method,0.75,0.01,165,6.683454208141203,22.543760299682617
364,cnn_hole_fill_2,rkhm_system_method,1.0,0.01,190,6.673999423763129,25.583792209625244
365,cnn_hole_fill_2,rkhm_system_method,1.25,0.01,190,6.6903764593835895,25.67480421066284
366,cnn_hole_fill_2,rkhm_system_method,1.5,0.01,190,6.69859177667033,25.82366156578064
367,cnn_hole_fill_2,rkhm_system_method,1.75,0.01,190,6.66743874917677,25.78435158729553
368,cnn_hole_fill_2,rkhm_system_method,2.0,0.01,190,6.6825651015484056,25.118329524993896
369,cnn_hole_fill_2,rkhm_system_method,2.25,0.01,190,6.695995869174347,26.104538917541504
370,cnn_hole_fill_2,rkhem_system_method,0.1,0.5,19,30.0,3.013594388961792
371,cnn_hole_fill_2,rkhem_system_method,0.25,0.5,17,30.0,2.6439802646636963
372,cnn_hole_fill_2,rkhem_system_method,0.5,0.5,15,30.0,2.381601333618164
373,cnn_hole_fill_2,rkhem_system_method,0.75,0.5,14,30.0,2.26769495010376
374,cnn_hole_fill_2,rkhem_system_method,1.0,0.5,14,30.0,2.055849552154541
375,cnn_hole_fill_2,rkhem_system_method,1.25,0.5,13,30.0,2.10800838470459
376,cnn_hole_fill_2,rkhem_system_method,1.5,0.5,13,30.0,1.8261818885803225
377,cnn_hole_fill_2,rkhem_system_method,1.75,0.5,13,30.0,1.9484038352966309
378,cnn_hole_fill_2,rkhem_system_method,2.0,0.5,13,30.0,2.0244691371917725
379,cnn_hole_fill_2,rkhem_system_method,2.25,0.5,13,30.0,1.964315414428711
380,cnn_hole_fill_2,rkhem_system_method,0.1,0.1,29,30.0,4.060452461242676
381,cnn_hole_fill_2,rkhem_system_method,0.25,0.1,26,30.0,3.7514004707336426
382,cnn_hole_fill_2,rkhem_system_method,0.5,0.1,27,30.0,3.914918184280396
383,cnn_hole_fill_2,rkhem_system_method,0.75,0.1,26,30.0,3.9739444255828857
384,cnn_hole_fill_2,rkhem_system_method,1.0,0.1,27,30.0,4.618172645568848
385,cnn_hole_fill_2,rkhem_system_method,1.25,0.1,26,30.0,4.147120952606201
386,cnn_hole_fill_2,rkhem_system_method,1.5,0.1,26,30.0,4.106011152267456
387,cnn_hole_fill_2,rkhem_system_method,1.75,0.1,27,30.0,4.554765701293945
388,cnn_hole_fill_2,rkhem_system_method,2.0,0.1,19,7.279760290717236,3.2672481536865234
389,cnn_hole_fill_2,rkhem_system_method,2.25,0.1,26,30.0,4.919919729232788
390,cnn_hole_fill_2,rkhem_system_method,0.1,0.05,33,7.408435031991585,4.373687744140625
391,cnn_hole_fill_2,rkhem_system_method,0.25,0.05,33,7.976394940747813,4.814318656921387
392,cnn_hole_fill_2,rkhem_system_method,0.5,0.05,33,8.946957194477275,4.68433690071106
393,cnn_hole_fill_2,rkhem_system_method,0.75,0.05,33,7.7511715230533,4.934815406799316
394,cnn_hole_fill_2,rkhem_system_method,1.0,0.05,32,6.586215108407906,4.643544912338257
395,cnn_hole_fill_2,rkhem_system_method,1.25,0.05,33,7.166150930511427,4.789490461349487
396,cnn_hole_fill_2,rkhem_system_method,1.5,0.05,33,7.688334609067294,5.072368621826172
397,cnn_hole_fill_2,rkhem_system_method,1.75,0.05,33,8.198298088134276,5.179754495620728
398,cnn_hole_fill_2,rkhem_system_method,2.0,0.05,33,8.700478987568786,5.1315741539001465
399,cnn_hole_fill_2,rkhem_system_method,2.25,0.05,32,6.685148154484457,4.896405458450317
400,cnn_hole_fill_2,rkhem_system_method,0.1,0.01,135,6.687866381426566,18.196049213409424
401,cnn_hole_fill_2,rkhem_system_method,0.25,0.01,136,6.869960482259964,18.952585697174072
402,cnn_hole_fill_2,rkhem_system_method,0.5,0.01,135,6.570361567217303,18.316468000411987
403,cnn_hole_fill_2,rkhem_system_method,0.75,0.01,136,6.93532861651466,18.769418716430664
404,cnn_hole_fill_2,rkhem_system_method,1.0,0.01,136,7.197287442884827,19.24906754493713
405,cnn_hole_fill_2,rkhem_system_method,1.25,0.01,136,7.437762452172062,19.514524936676025
406,cnn_hole_fill_2,rkhem_system_method,1.5,0.01,135,6.555763539686399,18.978877305984497
407,cnn_hole_fill_2,rkhem_system_method,1.75,0.01,135,6.692353448553654,18.620704174041748
408,cnn_hole_fill_2,rkhem_system_method,2.0,0.01,135,6.813926213773433,18.86092090606689
409,cnn_hole_fill_2,rkhem_system_method,2.25,0.01,136,6.869795279013168,19.403353929519653
410,cnn_hole_fill_2,rkhem_system_method,0.1,0.005,260,6.801021982073769,35.872596740722656
411,cnn_hole_fill_2,rkhem_system_method,0.25,0.005,260,6.755420359459471,34.81357192993164
412,cnn_hole_fill_2,rkhem_system_method,0.5,0.005,261,7.205384257160113,35.31172013282776
413,cnn_hole_fill_2,rkhem_system_method,0.75,0.005,260,6.6774260519726525,35.29484534263611
414,cnn_hole_fill_2,rkhem_system_method,1.0,0.005,260,6.858624385852998,35.4968364238739
415,cnn_hole_fill_2,rkhem_system_method,1.25,0.005,261,6.98131896867171,35.90026640892029
416,cnn_hole_fill_2,rkhem_system_method,1.5,0.005,261,7.083023489702525,35.93167352676392
417,cnn_hole_fill_2,rkhem_system_method,1.75,0.005,261,7.168164021911957,35.58285593986511
418,cnn_hole_fill_2,rkhem_system_method,2.0,0.005,260,6.488369745994992,35.13190054893494
419,cnn_hole_fill_2,rkhem_system_method,2.25,0.005,260,6.5389786963382015,35.2958824634552
